task,seed,split,sample_id,orig_id,sequence,label
13,10,train,task13_000013,Positive_13|1,DAEFRHDSGYEVHHQKLVFFAEDVGSNKGAIIGLMVGGVV,1
13,10,train,task13_000079,Positive_79|1,THRPPMWSPVWP,1
13,10,train,task13_000105,Negative_5|0,APASGFFGMR,0
13,10,train,task13_000037,Positive_37|1,HSDGIFTDSYSRYRKQMAVKKYLAAVLGKRYKQRVKNK,1
13,10,train,task13_000161,Negative_61|0,GWTLNSAGYLLGPHAVDNHRSLNDKHGLA,0
13,10,train,task13_000163,Negative_63|0,IEHNAEEIRKTAIRTAVQNTAQQTK,0
13,10,train,task13_000049,Positive_49|1,LLVVYPWT,1
13,10,train,task13_000131,Negative_31|0,GILDSFKQFAKGVGKDLIKGAAQGVLSTMSCKLAKTC,0
13,10,train,task13_000069,Positive_69|1,SGTQEEY,1
13,10,train,task13_000136,Negative_36|0,GLFDAIGNLLGGLGL,0
13,10,train,task13_000090,Positive_90|1,YGGFLRRIRPKLK,1
13,10,train,task13_000194,Negative_94|0,SPTISITAPIDVLRKTWEQERARKQMVKNREFLNSLN,0
13,10,train,task13_000065,Positive_65|1,RPRTRLHTHRNRRPRTRLHTHRNR,1
13,10,train,task13_000046,Positive_46|1,KWKTPKVRV,1
13,10,train,task13_000015,Positive_15|1,DFDMLRCMLGRVYRPCWQV,1
13,10,train,task13_000024,Positive_24|1,FNAPFDVGIKLSGVQYQQHSQAL,1
13,10,train,task13_000008,Positive_8|1,CRTIGPSVC,1
13,10,train,task13_000014,Positive_14|1,DDPPLSIDLTFHLLRTLLELARTQSQRERAEQNRIIFDSV,1
13,10,train,task13_000040,Positive_40|1,KCNTATCATQRLANFLVRSSNNLGPVLPPTNVGSNTY,1
13,10,train,task13_000051,Positive_51|1,LRKLRKRLLR,1
13,10,train,task13_000055,Positive_55|1,NAPVSIPQ,1
13,10,train,task13_000044,Positive_44|1,KLFMALVAFLRFLT,1
13,10,train,task13_000026,Positive_26|1,GLAHSFSDFARDFVA,1
13,10,train,task13_000197,Negative_97|0,VLDIYEQKLGQTRVLDIYEQK,0
13,10,train,task13_000115,Negative_15|0,DRVYIHPF,0
13,10,train,task13_000082,Positive_82|1,VILSLDVPIGLLRILLEQARYKAARNQAATNAQILAHV,1
13,10,train,task13_000047,Positive_47|1,LDHFRWK,1
13,10,train,task13_000086,Positive_86|1,VVYPWTQRF,1
13,10,train,task13_000159,Negative_59|0,GVGYKVVVTTTAAADDDDVV,0
13,10,train,task13_000184,Negative_84|0,QTPQWATGHFM,0
13,10,train,task13_000083,Positive_83|1,VPDPR,1
13,10,train,task13_000198,Negative_98|0,WAGGDASGE,0
13,10,train,task13_000048,Positive_48|1,LLIILRRRIRKQAHAHSK,1
13,10,train,task13_000038,Positive_38|1,HSDGTFTSEYSRLRDSARLQRLLQGLV,1
13,10,train,task13_000089,Positive_89|1,YGGFL,1
13,10,train,task13_000162,Negative_62|0,IEFFT,0
13,10,train,task13_000146,Negative_46|0,GLWSKIKETGKEAAKAAGKAALNKIAEAV,0
13,10,train,task13_000191,Negative_91|0,SPHYNFGL,0
13,10,train,task13_000127,Negative_27|0,GGKCTVDWGGQGGGRRLPSPLFCCYKPTRICYLNQETCETETCP,0
13,10,train,task13_000033,Positive_33|1,HGLASTLTRWAHYNALIRA,1
13,10,train,task13_000028,Positive_28|1,GLWEDLLYNINRYAHYIT,1
13,10,train,task13_000074,Positive_74|1,SYPGWSW,1
13,10,train,task13_000174,Negative_74|0,MSDKPDMAEIEKFDKSKLKKTETQEKNPLPSKETIEQEKQAGES,0
13,10,train,task13_000166,Negative_66|0,ITKDFDALMKYIKRI,0
13,10,train,task13_000030,Positive_30|1,HADGTYTSDVSTYLQDQAAKDFVSWLKSGRA,1
13,10,train,task13_000107,Negative_7|0,APSEPHHPGDQATPDQLAQYYSDLYQYITFITRPRF,0
13,10,train,task13_000175,Negative_75|0,MTQIKVPTALIASVHGEGQHLFEPMAARCTCTTIISSSSTF,0
13,10,train,task13_000139,Negative_39|0,GLGPRPLRF,0
13,10,train,task13_000177,Negative_77|0,NPASGFFGMR,0
13,10,train,task13_000101,Negative_1|0,ADYLQLARA,0
13,10,train,task13_000195,Negative_95|0,TNRNFLRF,0
13,10,train,task13_000005,Positive_5|1,CGFLGGRRRGFGGIGGC,1
13,10,train,task13_000077,Positive_77|1,TFFYGGSRGKRNNFRTEEY,1
13,10,train,task13_000190,Negative_90|0,SKDYN,0
13,10,train,task13_000153,Negative_53|0,GRKSDCFRKSGFCAFLKCPSLTLISGKCSRFYLCCKRIR,0
13,10,train,task13_000003,Positive_3|1,AGYLLGKINLKALAALAKKIL,1
13,10,train,task13_000076,Positive_76|1,TFFYGGCRGKRNNFKTEEY,1
13,10,train,task13_000027,Positive_27|1,GLGGIPPPGQSGLAVASALVDISQQMPIVYKEKSGAVRNRKQQPPAQPGTCI,1
13,10,train,task13_000007,Positive_7|1,CKGKGAKCSRLMYDCCTGSCRSGKC,1
13,10,train,task13_000095,Positive_95|1,YQQILTSMPSRNVIQISNDLENLRDLLHVL,1
13,10,train,task13_000149,Negative_49|0,GPIPWQRRI,0
13,10,train,task13_000087,Positive_87|1,YAGFG,1
13,10,train,task13_000066,Positive_66|1,RQIKIWFQNRRMKWKK,1
13,10,train,task13_000071,Positive_71|1,SLSHSPQ,1
13,10,train,task13_000151,Negative_51|0,GPVGLLSSPGSLPPVGGAP,0
13,10,train,task13_000176,Negative_76|0,NIPQLTPTP,0
13,10,train,task13_000120,Negative_20|0,FLIGMTQGLICLITRKC,0
13,10,train,task13_000018,Positive_18|1,DYMGWMDF,1
13,10,train,task13_000125,Negative_25|0,GFRDGSADRISHGF,0
13,10,train,task13_000060,Positive_60|1,RGGRLSYSRRRFSTSTGR,1
13,10,train,task13_000063,Positive_63|1,RPGPPGLQGRLQRLLQANGNHAAGILTM,1
13,10,train,task13_000160,Negative_60|0,GVIDAAKKVVNVLKNLF,0
13,10,train,task13_000154,Negative_54|0,GSGFSSWG,0
13,10,train,task13_000114,Negative_14|0,DGGRNFLRF,0
13,10,train,task13_000102,Negative_2|0,AGCKNFFWKTFTSC,0
13,10,train,task13_000164,Negative_64|0,IIEKLVNTALGLLSGL,0
13,10,train,task13_000109,Negative_9|0,ASLFNAPRV,0
13,10,train,task13_000172,Negative_72|0,MEFVAKLFKFFKDLLGKFLGNN,0
13,10,train,task13_000031,Positive_31|1,HAIYPRH,1
13,10,train,task13_000183,Negative_83|0,QGPPISIDLSLELLRKMIEIEKQEKEKQQAANNRLLLDTI,0
13,10,train,task13_000156,Negative_56|0,GSTGLIPFGRT,0
13,10,train,task13_000187,Negative_87|0,SCNLSTCATHNLVNELNKFDKSKPSSGGVGPESF,0
13,10,train,task13_000075,Positive_75|1,SYSMEHFRWGKPVGKKRRPVKVYPNGAEDESAEAFPLEF,1
13,10,train,task13_000052,Positive_52|1,MEHFKF,1
13,10,train,task13_000193,Negative_93|0,SPSLDDERNDNFVRL,0
13,10,train,task13_000034,Positive_34|1,HLNILSTLWKYRC,1
13,10,train,task13_000011,Positive_11|1,CYFQNC,1
13,10,train,task13_000118,Negative_18|0,EWEPVQNGGSSYYMVPRIWA,0
13,10,train,task13_000143,Negative_43|0,GLMSSIGKALGGLIVDVLKPKTPAS,0
13,10,train,task13_000043,Positive_43|1,KKRTLRKNDRKKRC,1
13,10,train,task13_000006,Positive_6|1,CKFFD,1
13,10,train,task13_000092,Positive_92|1,YGGFM,1
13,10,train,task13_000070,Positive_70|1,SGVYKVAYDWQH,1
13,10,train,task13_000001,Positive_1|1,AGCKNFFWKTFTSC,1
13,10,train,task13_000144,Negative_44|0,GLPTCGETCFGGTCNTPGCSCSSWPICTRD,0
13,10,train,task13_000200,Negative_100|0,YPSKPEAPGEDASPEELNRYYASLRHYLNLVTRQRY,0
13,10,train,task13_000189,Negative_89|0,SGLQLLDLSNNREVEML,0
13,10,train,task13_000123,Negative_23|0,FVPYNPPRPGQSKPFPSFPGHGPFNPKIQWPYPLPNPGH,0
13,10,train,task13_000132,Negative_32|0,GILDSLKNLAKNAAQILLNKASCKLSGQC,0
13,10,train,task13_000140,Negative_40|0,GLLDVVKGAAKNLLASALDKLKCKVTGC,0
13,10,train,task13_000103,Negative_3|0,ALSILKGLEKLAKMGIALTNCKATKKC,0
13,10,train,task13_000100,Positive_100|1,YWAGGDASGE,1
13,10,train,task13_000196,Negative_96|0,TPVVNPPFLQQT,0
13,10,train,task13_000145,Negative_45|0,GLPVCGETCFGGTCNTPGCSCTDPICTRD,0
13,10,train,task13_000085,Positive_85|1,VVYPWT,1
13,10,train,task13_000186,Negative_86|0,RICTAIPLPMCL,0
13,10,train,task13_000130,Negative_30|0,GIGSAILSAGKSALKGLAKGLAEHFAN,0
13,10,train,task13_000059,Positive_59|1,QSHYRHISPAQV,1
13,10,train,task13_000157,Negative_57|0,GSVFNCGETCVLGTCYTPGCTCNTYRVCTKD,0
13,10,train,task13_000016,Positive_16|1,DHYNCVSSGGQCLYSACPIFTKIQGTCYRGKAKCCK,1
13,10,train,task13_000111,Negative_11|0,AVWKDFLKNIGKAAGKAVLNSVTDMVNE,0
13,10,train,task13_000023,Positive_23|1,FNAPFDVGIKLSGAQYQQHGRAL,1
13,10,train,task13_000067,Positive_67|1,SEEPPISLDLTFHLLREVLEMARAEQLAQQAHSNRKLMEII,1
13,10,train,task13_000080,Positive_80|1,TWPKHFDKHTFYSILKLGKH,1
13,10,train,task13_000135,Negative_35|0,GLADFLNKAVGKVVDFVKS,0
13,10,train,task13_000179,Negative_79|0,PAASESGFRRDP,0
13,10,train,task13_000088,Positive_88|1,YAGFLR,1
13,10,train,task13_000032,Positive_32|1,HGEGTFTSDLSKQMEEEAVRLFIEWLKNGGPSSGAPPPS,1
13,10,train,task13_000142,Negative_42|0,GLLSGLGL,0
13,10,train,task13_000054,Positive_54|1,MEHFRW,1
13,10,train,task13_000056,Positive_56|1,NSDSECPLSHDGYCLHDGVCMYIEALDKYACNCVVGYIGERCQYRDLKWWELR,1
13,10,train,task13_000170,Negative_70|0,LTNKTARFLVNGTSIPEVDFDVGE,0
13,10,train,task13_000122,Negative_22|0,FVPLLVSKLVCVVTKKC,0
13,10,train,task13_000137,Negative_37|0,GLFKTLIKGAGKMLGHVAKEFLGSEGEPES,0
13,10,train,task13_000104,Negative_4|0,ALWKTMLKKLGTMALHAGKAAFGAAADTISQ,0
13,10,train,task13_000022,Positive_22|1,FKESWREARGTRIERG,1
13,10,train,task13_000057,Positive_57|1,NTGSPYE,1
13,10,train,task13_000025,Positive_25|1,GIGDPVTCLKSGAICHPVFCPRRYKQIGTCGLPGTKCCKKP,1
13,10,train,task13_000029,Positive_29|1,GYRPVHNIRGHWAPG,1
13,10,train,task13_000133,Negative_33|0,GILSSIKGVAKGVAKNVAAQLLDTLKCKITGC,0
13,10,train,task13_000096,Positive_96|1,YRFSAR,1
13,10,train,task13_000099,Positive_99|1,YTIWMPENPRPGTPCDIFTNSRGKRASNG,1
13,10,train,task13_000039,Positive_39|1,IKPEAPGEDASPEELNRYYASLRHYLNLVTRQRY,1
13,10,train,task13_000021,Positive_21|1,FILMVWAPFI,1
13,10,train,task13_000019,Positive_19|1,FCFWKTCT,1
13,10,train,task13_000178,Negative_78|0,NSCDCDIEWSSCSAYGFDHDEDYGFNEDTDRIIINTKAILLPTK,0
13,10,train,task13_000128,Negative_28|0,GIFSLVKGVAKLAGKTLAKEGGKFGLELAMCKIAKQC,0
13,10,train,task13_000188,Negative_88|0,SDYLQLARG,0
13,10,train,task13_000010,Positive_10|1,CTSTSAPYC,1
13,10,train,task13_000152,Negative_52|0,GRGGPSNYVRL,0
13,10,train,task13_000106,Negative_6|0,APQEPVYPGDDATPEQMAKYAAELRRYINRLTRPRY,0
13,10,train,task13_000058,Positive_58|1,QRFSR,1
13,10,train,task13_000041,Positive_41|1,KIPYIL,1
13,10,train,task13_000129,Negative_29|0,GIGKFLHSAGKFGKAFLGEVMKS,0
13,10,train,task13_000185,Negative_85|0,RDWERREFERRQNELRREQEQRREELL,0
13,10,train,task13_000017,Positive_17|1,DRVYIHPFHL,1
13,10,train,task13_000121,Negative_21|0,FLPILINLIHKGLL,0
13,10,train,task13_000112,Negative_12|0,CYFQNCPRG,0
13,10,train,task13_000116,Negative_16|0,EELRPEVLPDVSE,0
13,10,train,task13_000141,Negative_41|0,GLLQTIKEKLKEFAGGVVTGVQS,0
13,10,train,task13_000081,Positive_81|1,VGFFT,1
13,10,train,task13_000165,Negative_65|0,IIGHLIKTALGFLGL,0
13,10,train,task13_000094,Positive_94|1,YPFPG,1
13,10,train,task13_000138,Negative_38|0,GLFSKPAGKGIKNLIPKGVKHIGKEVGKDVIRTGIDVAGCKIKGEC,0
13,10,train,task13_000169,Negative_69|0,LLGMIPVAITAISALSKL,0
13,10,train,task13_000050,Positive_50|1,LPFFD,1
13,10,train,task13_000167,Negative_67|0,IVPFLLGMVPKLICLITKKC,0
13,10,train,task13_000061,Positive_61|1,RKHRKHRKHR,1
13,10,train,task13_000002,Positive_2|1,AGILKRW,1
13,10,train,task13_000150,Negative_50|0,GPSSGFFGTR,0
13,10,val,task13_000181,Negative_81|0,PRRRRQASRPVRRRRRYRRSTAARRRRRVVRRRR,0
13,10,val,task13_000097,Positive_97|1,YRQSMNQGSRSTGCRFGTCTMQKLAHQIYQFTDKDKDGMAPRNKISPQGY,1
13,10,val,task13_000158,Negative_58|0,GTSGLISFPRT,0
13,10,val,task13_000113,Negative_13|0,DFDMLRCMLGRVFRPCWQY,0
13,10,val,task13_000062,Positive_62|1,RKRIRLVTKKKRRKRIRLVTKKKR,1
13,10,val,task13_000171,Negative_71|0,MAIVGTIIKIIKAIIDIFAK,0
13,10,val,task13_000035,Positive_35|1,HSDATFTAEYSKLLAKLALQKYLESILGSSTSPRPPSS,1
13,10,val,task13_000182,Negative_82|0,QESGEVIIEIPR,0
13,10,val,task13_000078,Positive_78|1,TGNYKALHPHNG,1
13,10,val,task13_000045,Positive_45|1,KSKAINVLRGFRKEIGRMLNILN,1
13,10,val,task13_000117,Negative_17|0,EVEMLGDELRTLNQNLGLMR,0
13,10,val,task13_000068,Positive_68|1,SGSWLRDVWDWICTVLTDFKTWLQSKL,1
13,10,val,task13_000173,Negative_73|0,MRVKLFQLRGMLSGSRIL,0
13,10,val,task13_000073,Positive_73|1,STNQSTNQST,1
13,10,val,task13_000180,Negative_80|0,PQRGEGGRAGNLLREEQEI,0
13,10,val,task13_000098,Positive_98|1,YTGFLS,1
13,10,val,task13_000091,Positive_91|1,YGGFLRRL,1
13,10,val,task13_000155,Negative_55|0,GSPGLIPFGRS,0
13,10,val,task13_000036,Positive_36|1,HSDAVFTDNYTRLRKQMAVKKYLNSILN,1
13,10,val,task13_000108,Negative_8|0,ARCENFADSYRQPPISSSQT,0
13,10,test,task13_000012,Positive_12|1,CYIQNCPLG,1
13,10,test,task13_000093,Positive_93|1,YGRKKRRQRRR,1
13,10,test,task13_000064,Positive_64|1,RPKPQQFFGLM,1
13,10,test,task13_000020,Positive_20|1,FCYWRTT,1
13,10,test,task13_000084,Positive_84|1,VQQLTKRFSL,1
13,10,test,task13_000192,Negative_92|0,SPPEAAYGPGNTNSDSGDK,0
13,10,test,task13_000134,Negative_34|0,GIVDFAKKVVGGIRNALGI,0
13,10,test,task13_000199,Negative_99|0,YPSKPDNPGEDAPAEDLARYYSALRHYINLITRQRY,0
13,10,test,task13_000042,Positive_42|1,KKALLALALHHLAHLALALKKAC,1
13,10,test,task13_000168,Negative_68|0,LAAGKVEDSD,0
13,10,test,task13_000072,Positive_72|1,SSRRCVRLHESCLGQQVPCCDPCATCYCRFFNAFCYCRKLGTAMNPCSRT,1
13,10,test,task13_000126,Negative_26|0,GGETGNDAKAMWFGPRL,0
13,10,test,task13_000119,Negative_19|0,FFPAIFRLVAKVVPSIICSVTKKC,0
13,10,test,task13_000053,Positive_53|1,MEHFPGP,1
13,10,test,task13_000004,Positive_4|1,APLEPEYPGDNATPEQMAQYAAELRRYINMLTRPRY,1
13,10,test,task13_000148,Negative_48|0,GNRPVYIPPPRPPHPRL,0
13,10,test,task13_000124,Negative_24|0,GAVSGLLTNLGL,0
13,10,test,task13_000110,Negative_10|0,AVNIPFKVKFRCKAAFC,0
13,10,test,task13_000009,Positive_9|1,CSCSSLMDKECVYFCHLDIIW,1
13,10,test,task13_000147,Negative_47|0,GNLWATGHFM,0
13,20,train,task13_000075,Positive_75|1,SYSMEHFRWGKPVGKKRRPVKVYPNGAEDESAEAFPLEF,1
13,20,train,task13_000150,Negative_50|0,GPSSGFFGTR,0
13,20,train,task13_000064,Positive_64|1,RPKPQQFFGLM,1
13,20,train,task13_000008,Positive_8|1,CRTIGPSVC,1
13,20,train,task13_000051,Positive_51|1,LRKLRKRLLR,1
13,20,train,task13_000119,Negative_19|0,FFPAIFRLVAKVVPSIICSVTKKC,0
13,20,train,task13_000187,Negative_87|0,SCNLSTCATHNLVNELNKFDKSKPSSGGVGPESF,0
13,20,train,task13_000139,Negative_39|0,GLGPRPLRF,0
13,20,train,task13_000048,Positive_48|1,LLIILRRRIRKQAHAHSK,1
13,20,train,task13_000102,Negative_2|0,AGCKNFFWKTFTSC,0
13,20,train,task13_000076,Positive_76|1,TFFYGGCRGKRNNFKTEEY,1
13,20,train,task13_000030,Positive_30|1,HADGTYTSDVSTYLQDQAAKDFVSWLKSGRA,1
13,20,train,task13_000046,Positive_46|1,KWKTPKVRV,1
13,20,train,task13_000005,Positive_5|1,CGFLGGRRRGFGGIGGC,1
13,20,train,task13_000035,Positive_35|1,HSDATFTAEYSKLLAKLALQKYLESILGSSTSPRPPSS,1
13,20,train,task13_000195,Negative_95|0,TNRNFLRF,0
13,20,train,task13_000130,Negative_30|0,GIGSAILSAGKSALKGLAKGLAEHFAN,0
13,20,train,task13_000132,Negative_32|0,GILDSLKNLAKNAAQILLNKASCKLSGQC,0
13,20,train,task13_000070,Positive_70|1,SGVYKVAYDWQH,1
13,20,train,task13_000121,Negative_21|0,FLPILINLIHKGLL,0
13,20,train,task13_000037,Positive_37|1,HSDGIFTDSYSRYRKQMAVKKYLAAVLGKRYKQRVKNK,1
13,20,train,task13_000194,Negative_94|0,SPTISITAPIDVLRKTWEQERARKQMVKNREFLNSLN,0
13,20,train,task13_000165,Negative_65|0,IIGHLIKTALGFLGL,0
13,20,train,task13_000003,Positive_3|1,AGYLLGKINLKALAALAKKIL,1
13,20,train,task13_000034,Positive_34|1,HLNILSTLWKYRC,1
13,20,train,task13_000190,Negative_90|0,SKDYN,0
13,20,train,task13_000181,Negative_81|0,PRRRRQASRPVRRRRRYRRSTAARRRRRVVRRRR,0
13,20,train,task13_000185,Negative_85|0,RDWERREFERRQNELRREQEQRREELL,0
13,20,train,task13_000047,Positive_47|1,LDHFRWK,1
13,20,train,task13_000113,Negative_13|0,DFDMLRCMLGRVFRPCWQY,0
13,20,train,task13_000125,Negative_25|0,GFRDGSADRISHGF,0
13,20,train,task13_000137,Negative_37|0,GLFKTLIKGAGKMLGHVAKEFLGSEGEPES,0
13,20,train,task13_000146,Negative_46|0,GLWSKIKETGKEAAKAAGKAALNKIAEAV,0
13,20,train,task13_000090,Positive_90|1,YGGFLRRIRPKLK,1
13,20,train,task13_000179,Negative_79|0,PAASESGFRRDP,0
13,20,train,task13_000158,Negative_58|0,GTSGLISFPRT,0
13,20,train,task13_000107,Negative_7|0,APSEPHHPGDQATPDQLAQYYSDLYQYITFITRPRF,0
13,20,train,task13_000091,Positive_91|1,YGGFLRRL,1
13,20,train,task13_000045,Positive_45|1,KSKAINVLRGFRKEIGRMLNILN,1
13,20,train,task13_000171,Negative_71|0,MAIVGTIIKIIKAIIDIFAK,0
13,20,train,task13_000123,Negative_23|0,FVPYNPPRPGQSKPFPSFPGHGPFNPKIQWPYPLPNPGH,0
13,20,train,task13_000019,Positive_19|1,FCFWKTCT,1
13,20,train,task13_000095,Positive_95|1,YQQILTSMPSRNVIQISNDLENLRDLLHVL,1
13,20,train,task13_000193,Negative_93|0,SPSLDDERNDNFVRL,0
13,20,train,task13_000128,Negative_28|0,GIFSLVKGVAKLAGKTLAKEGGKFGLELAMCKIAKQC,0
13,20,train,task13_000118,Negative_18|0,EWEPVQNGGSSYYMVPRIWA,0
13,20,train,task13_000062,Positive_62|1,RKRIRLVTKKKRRKRIRLVTKKKR,1
13,20,train,task13_000088,Positive_88|1,YAGFLR,1
13,20,train,task13_000112,Negative_12|0,CYFQNCPRG,0
13,20,train,task13_000032,Positive_32|1,HGEGTFTSDLSKQMEEEAVRLFIEWLKNGGPSSGAPPPS,1
13,20,train,task13_000155,Negative_55|0,GSPGLIPFGRS,0
13,20,train,task13_000199,Negative_99|0,YPSKPDNPGEDAPAEDLARYYSALRHYINLITRQRY,0
13,20,train,task13_000153,Negative_53|0,GRKSDCFRKSGFCAFLKCPSLTLISGKCSRFYLCCKRIR,0
13,20,train,task13_000148,Negative_48|0,GNRPVYIPPPRPPHPRL,0
13,20,train,task13_000080,Positive_80|1,TWPKHFDKHTFYSILKLGKH,1
13,20,train,task13_000156,Negative_56|0,GSTGLIPFGRT,0
13,20,train,task13_000162,Negative_62|0,IEFFT,0
13,20,train,task13_000200,Negative_100|0,YPSKPEAPGEDASPEELNRYYASLRHYLNLVTRQRY,0
13,20,train,task13_000099,Positive_99|1,YTIWMPENPRPGTPCDIFTNSRGKRASNG,1
13,20,train,task13_000180,Negative_80|0,PQRGEGGRAGNLLREEQEI,0
13,20,train,task13_000055,Positive_55|1,NAPVSIPQ,1
13,20,train,task13_000143,Negative_43|0,GLMSSIGKALGGLIVDVLKPKTPAS,0
13,20,train,task13_000096,Positive_96|1,YRFSAR,1
13,20,train,task13_000028,Positive_28|1,GLWEDLLYNINRYAHYIT,1
13,20,train,task13_000013,Positive_13|1,DAEFRHDSGYEVHHQKLVFFAEDVGSNKGAIIGLMVGGVV,1
13,20,train,task13_000050,Positive_50|1,LPFFD,1
13,20,train,task13_000129,Negative_29|0,GIGKFLHSAGKFGKAFLGEVMKS,0
13,20,train,task13_000141,Negative_41|0,GLLQTIKEKLKEFAGGVVTGVQS,0
13,20,train,task13_000178,Negative_78|0,NSCDCDIEWSSCSAYGFDHDEDYGFNEDTDRIIINTKAILLPTK,0
13,20,train,task13_000017,Positive_17|1,DRVYIHPFHL,1
13,20,train,task13_000138,Negative_38|0,GLFSKPAGKGIKNLIPKGVKHIGKEVGKDVIRTGIDVAGCKIKGEC,0
13,20,train,task13_000018,Positive_18|1,DYMGWMDF,1
13,20,train,task13_000109,Negative_9|0,ASLFNAPRV,0
13,20,train,task13_000081,Positive_81|1,VGFFT,1
13,20,train,task13_000166,Negative_66|0,ITKDFDALMKYIKRI,0
13,20,train,task13_000092,Positive_92|1,YGGFM,1
13,20,train,task13_000157,Negative_57|0,GSVFNCGETCVLGTCYTPGCTCNTYRVCTKD,0
13,20,train,task13_000154,Negative_54|0,GSGFSSWG,0
13,20,train,task13_000029,Positive_29|1,GYRPVHNIRGHWAPG,1
13,20,train,task13_000182,Negative_82|0,QESGEVIIEIPR,0
13,20,train,task13_000144,Negative_44|0,GLPTCGETCFGGTCNTPGCSCSSWPICTRD,0
13,20,train,task13_000151,Negative_51|0,GPVGLLSSPGSLPPVGGAP,0
13,20,train,task13_000198,Negative_98|0,WAGGDASGE,0
13,20,train,task13_000168,Negative_68|0,LAAGKVEDSD,0
13,20,train,task13_000083,Positive_83|1,VPDPR,1
13,20,train,task13_000131,Negative_31|0,GILDSFKQFAKGVGKDLIKGAAQGVLSTMSCKLAKTC,0
13,20,train,task13_000100,Positive_100|1,YWAGGDASGE,1
13,20,train,task13_000012,Positive_12|1,CYIQNCPLG,1
13,20,train,task13_000014,Positive_14|1,DDPPLSIDLTFHLLRTLLELARTQSQRERAEQNRIIFDSV,1
13,20,train,task13_000074,Positive_74|1,SYPGWSW,1
13,20,train,task13_000010,Positive_10|1,CTSTSAPYC,1
13,20,train,task13_000002,Positive_2|1,AGILKRW,1
13,20,train,task13_000134,Negative_34|0,GIVDFAKKVVGGIRNALGI,0
13,20,train,task13_000142,Negative_42|0,GLLSGLGL,0
13,20,train,task13_000136,Negative_36|0,GLFDAIGNLLGGLGL,0
13,20,train,task13_000016,Positive_16|1,DHYNCVSSGGQCLYSACPIFTKIQGTCYRGKAKCCK,1
13,20,train,task13_000159,Negative_59|0,GVGYKVVVTTTAAADDDDVV,0
13,20,train,task13_000140,Negative_40|0,GLLDVVKGAAKNLLASALDKLKCKVTGC,0
13,20,train,task13_000124,Negative_24|0,GAVSGLLTNLGL,0
13,20,train,task13_000093,Positive_93|1,YGRKKRRQRRR,1
13,20,train,task13_000098,Positive_98|1,YTGFLS,1
13,20,train,task13_000097,Positive_97|1,YRQSMNQGSRSTGCRFGTCTMQKLAHQIYQFTDKDKDGMAPRNKISPQGY,1
13,20,train,task13_000068,Positive_68|1,SGSWLRDVWDWICTVLTDFKTWLQSKL,1
13,20,train,task13_000059,Positive_59|1,QSHYRHISPAQV,1
13,20,train,task13_000170,Negative_70|0,LTNKTARFLVNGTSIPEVDFDVGE,0
13,20,train,task13_000094,Positive_94|1,YPFPG,1
13,20,train,task13_000087,Positive_87|1,YAGFG,1
13,20,train,task13_000135,Negative_35|0,GLADFLNKAVGKVVDFVKS,0
13,20,train,task13_000103,Negative_3|0,ALSILKGLEKLAKMGIALTNCKATKKC,0
13,20,train,task13_000192,Negative_92|0,SPPEAAYGPGNTNSDSGDK,0
13,20,train,task13_000169,Negative_69|0,LLGMIPVAITAISALSKL,0
13,20,train,task13_000001,Positive_1|1,AGCKNFFWKTFTSC,1
13,20,train,task13_000038,Positive_38|1,HSDGTFTSEYSRLRDSARLQRLLQGLV,1
13,20,train,task13_000114,Negative_14|0,DGGRNFLRF,0
13,20,train,task13_000101,Negative_1|0,ADYLQLARA,0
13,20,train,task13_000127,Negative_27|0,GGKCTVDWGGQGGGRRLPSPLFCCYKPTRICYLNQETCETETCP,0
13,20,train,task13_000011,Positive_11|1,CYFQNC,1
13,20,train,task13_000108,Negative_8|0,ARCENFADSYRQPPISSSQT,0
13,20,train,task13_000120,Negative_20|0,FLIGMTQGLICLITRKC,0
13,20,train,task13_000023,Positive_23|1,FNAPFDVGIKLSGAQYQQHGRAL,1
13,20,train,task13_000056,Positive_56|1,NSDSECPLSHDGYCLHDGVCMYIEALDKYACNCVVGYIGERCQYRDLKWWELR,1
13,20,train,task13_000160,Negative_60|0,GVIDAAKKVVNVLKNLF,0
13,20,train,task13_000196,Negative_96|0,TPVVNPPFLQQT,0
13,20,train,task13_000189,Negative_89|0,SGLQLLDLSNNREVEML,0
13,20,train,task13_000078,Positive_78|1,TGNYKALHPHNG,1
13,20,train,task13_000117,Negative_17|0,EVEMLGDELRTLNQNLGLMR,0
13,20,train,task13_000145,Negative_45|0,GLPVCGETCFGGTCNTPGCSCTDPICTRD,0
13,20,train,task13_000058,Positive_58|1,QRFSR,1
13,20,train,task13_000089,Positive_89|1,YGGFL,1
13,20,train,task13_000172,Negative_72|0,MEFVAKLFKFFKDLLGKFLGNN,0
13,20,train,task13_000184,Negative_84|0,QTPQWATGHFM,0
13,20,train,task13_000152,Negative_52|0,GRGGPSNYVRL,0
13,20,train,task13_000167,Negative_67|0,IVPFLLGMVPKLICLITKKC,0
13,20,train,task13_000043,Positive_43|1,KKRTLRKNDRKKRC,1
13,20,train,task13_000041,Positive_41|1,KIPYIL,1
13,20,train,task13_000111,Negative_11|0,AVWKDFLKNIGKAAGKAVLNSVTDMVNE,0
13,20,train,task13_000071,Positive_71|1,SLSHSPQ,1
13,20,train,task13_000040,Positive_40|1,KCNTATCATQRLANFLVRSSNNLGPVLPPTNVGSNTY,1
13,20,train,task13_000115,Negative_15|0,DRVYIHPF,0
13,20,train,task13_000174,Negative_74|0,MSDKPDMAEIEKFDKSKLKKTETQEKNPLPSKETIEQEKQAGES,0
13,20,train,task13_000036,Positive_36|1,HSDAVFTDNYTRLRKQMAVKKYLNSILN,1
13,20,train,task13_000072,Positive_72|1,SSRRCVRLHESCLGQQVPCCDPCATCYCRFFNAFCYCRKLGTAMNPCSRT,1
13,20,train,task13_000077,Positive_77|1,TFFYGGSRGKRNNFRTEEY,1
13,20,train,task13_000004,Positive_4|1,APLEPEYPGDNATPEQMAQYAAELRRYINMLTRPRY,1
13,20,train,task13_000015,Positive_15|1,DFDMLRCMLGRVYRPCWQV,1
13,20,train,task13_000061,Positive_61|1,RKHRKHRKHR,1
13,20,train,task13_000164,Negative_64|0,IIEKLVNTALGLLSGL,0
13,20,train,task13_000057,Positive_57|1,NTGSPYE,1
13,20,train,task13_000060,Positive_60|1,RGGRLSYSRRRFSTSTGR,1
13,20,train,task13_000069,Positive_69|1,SGTQEEY,1
13,20,train,task13_000006,Positive_6|1,CKFFD,1
13,20,train,task13_000031,Positive_31|1,HAIYPRH,1
13,20,train,task13_000042,Positive_42|1,KKALLALALHHLAHLALALKKAC,1
13,20,train,task13_000066,Positive_66|1,RQIKIWFQNRRMKWKK,1
13,20,train,task13_000079,Positive_79|1,THRPPMWSPVWP,1
13,20,train,task13_000073,Positive_73|1,STNQSTNQST,1
13,20,train,task13_000065,Positive_65|1,RPRTRLHTHRNRRPRTRLHTHRNR,1
13,20,train,task13_000049,Positive_49|1,LLVVYPWT,1
13,20,train,task13_000022,Positive_22|1,FKESWREARGTRIERG,1
13,20,train,task13_000025,Positive_25|1,GIGDPVTCLKSGAICHPVFCPRRYKQIGTCGLPGTKCCKKP,1
13,20,val,task13_000177,Negative_77|0,NPASGFFGMR,0
13,20,val,task13_000009,Positive_9|1,CSCSSLMDKECVYFCHLDIIW,1
13,20,val,task13_000063,Positive_63|1,RPGPPGLQGRLQRLLQANGNHAAGILTM,1
13,20,val,task13_000191,Negative_91|0,SPHYNFGL,0
13,20,val,task13_000053,Positive_53|1,MEHFPGP,1
13,20,val,task13_000021,Positive_21|1,FILMVWAPFI,1
13,20,val,task13_000104,Negative_4|0,ALWKTMLKKLGTMALHAGKAAFGAAADTISQ,0
13,20,val,task13_000126,Negative_26|0,GGETGNDAKAMWFGPRL,0
13,20,val,task13_000133,Negative_33|0,GILSSIKGVAKGVAKNVAAQLLDTLKCKITGC,0
13,20,val,task13_000175,Negative_75|0,MTQIKVPTALIASVHGEGQHLFEPMAARCTCTTIISSSSTF,0
13,20,val,task13_000024,Positive_24|1,FNAPFDVGIKLSGVQYQQHSQAL,1
13,20,val,task13_000110,Negative_10|0,AVNIPFKVKFRCKAAFC,0
13,20,val,task13_000085,Positive_85|1,VVYPWT,1
13,20,val,task13_000086,Positive_86|1,VVYPWTQRF,1
13,20,val,task13_000161,Negative_61|0,GWTLNSAGYLLGPHAVDNHRSLNDKHGLA,0
13,20,val,task13_000183,Negative_83|0,QGPPISIDLSLELLRKMIEIEKQEKEKQQAANNRLLLDTI,0
13,20,val,task13_000052,Positive_52|1,MEHFKF,1
13,20,val,task13_000054,Positive_54|1,MEHFRW,1
13,20,val,task13_000188,Negative_88|0,SDYLQLARG,0
13,20,val,task13_000116,Negative_16|0,EELRPEVLPDVSE,0
13,20,test,task13_000149,Negative_49|0,GPIPWQRRI,0
13,20,test,task13_000122,Negative_22|0,FVPLLVSKLVCVVTKKC,0
13,20,test,task13_000082,Positive_82|1,VILSLDVPIGLLRILLEQARYKAARNQAATNAQILAHV,1
13,20,test,task13_000033,Positive_33|1,HGLASTLTRWAHYNALIRA,1
13,20,test,task13_000027,Positive_27|1,GLGGIPPPGQSGLAVASALVDISQQMPIVYKEKSGAVRNRKQQPPAQPGTCI,1
13,20,test,task13_000020,Positive_20|1,FCYWRTT,1
13,20,test,task13_000105,Negative_5|0,APASGFFGMR,0
13,20,test,task13_000106,Negative_6|0,APQEPVYPGDDATPEQMAKYAAELRRYINRLTRPRY,0
13,20,test,task13_000007,Positive_7|1,CKGKGAKCSRLMYDCCTGSCRSGKC,1
13,20,test,task13_000044,Positive_44|1,KLFMALVAFLRFLT,1
13,20,test,task13_000147,Negative_47|0,GNLWATGHFM,0
13,20,test,task13_000084,Positive_84|1,VQQLTKRFSL,1
13,20,test,task13_000026,Positive_26|1,GLAHSFSDFARDFVA,1
13,20,test,task13_000163,Negative_63|0,IEHNAEEIRKTAIRTAVQNTAQQTK,0
13,20,test,task13_000173,Negative_73|0,MRVKLFQLRGMLSGSRIL,0
13,20,test,task13_000067,Positive_67|1,SEEPPISLDLTFHLLREVLEMARAEQLAQQAHSNRKLMEII,1
13,20,test,task13_000039,Positive_39|1,IKPEAPGEDASPEELNRYYASLRHYLNLVTRQRY,1
13,20,test,task13_000197,Negative_97|0,VLDIYEQKLGQTRVLDIYEQK,0
13,20,test,task13_000176,Negative_76|0,NIPQLTPTP,0
13,20,test,task13_000186,Negative_86|0,RICTAIPLPMCL,0
13,30,train,task13_000045,Positive_45|1,KSKAINVLRGFRKEIGRMLNILN,1
13,30,train,task13_000015,Positive_15|1,DFDMLRCMLGRVYRPCWQV,1
13,30,train,task13_000174,Negative_74|0,MSDKPDMAEIEKFDKSKLKKTETQEKNPLPSKETIEQEKQAGES,0
13,30,train,task13_000094,Positive_94|1,YPFPG,1
13,30,train,task13_000112,Negative_12|0,CYFQNCPRG,0
13,30,train,task13_000151,Negative_51|0,GPVGLLSSPGSLPPVGGAP,0
13,30,train,task13_000091,Positive_91|1,YGGFLRRL,1
13,30,train,task13_000098,Positive_98|1,YTGFLS,1
13,30,train,task13_000009,Positive_9|1,CSCSSLMDKECVYFCHLDIIW,1
13,30,train,task13_000155,Negative_55|0,GSPGLIPFGRS,0
13,30,train,task13_000100,Positive_100|1,YWAGGDASGE,1
13,30,train,task13_000076,Positive_76|1,TFFYGGCRGKRNNFKTEEY,1
13,30,train,task13_000014,Positive_14|1,DDPPLSIDLTFHLLRTLLELARTQSQRERAEQNRIIFDSV,1
13,30,train,task13_000030,Positive_30|1,HADGTYTSDVSTYLQDQAAKDFVSWLKSGRA,1
13,30,train,task13_000044,Positive_44|1,KLFMALVAFLRFLT,1
13,30,train,task13_000077,Positive_77|1,TFFYGGSRGKRNNFRTEEY,1
13,30,train,task13_000017,Positive_17|1,DRVYIHPFHL,1
13,30,train,task13_000163,Negative_63|0,IEHNAEEIRKTAIRTAVQNTAQQTK,0
13,30,train,task13_000133,Negative_33|0,GILSSIKGVAKGVAKNVAAQLLDTLKCKITGC,0
13,30,train,task13_000180,Negative_80|0,PQRGEGGRAGNLLREEQEI,0
13,30,train,task13_000070,Positive_70|1,SGVYKVAYDWQH,1
13,30,train,task13_000152,Negative_52|0,GRGGPSNYVRL,0
13,30,train,task13_000055,Positive_55|1,NAPVSIPQ,1
13,30,train,task13_000186,Negative_86|0,RICTAIPLPMCL,0
13,30,train,task13_000026,Positive_26|1,GLAHSFSDFARDFVA,1
13,30,train,task13_000058,Positive_58|1,QRFSR,1
13,30,train,task13_000004,Positive_4|1,APLEPEYPGDNATPEQMAQYAAELRRYINMLTRPRY,1
13,30,train,task13_000107,Negative_7|0,APSEPHHPGDQATPDQLAQYYSDLYQYITFITRPRF,0
13,30,train,task13_000047,Positive_47|1,LDHFRWK,1
13,30,train,task13_000011,Positive_11|1,CYFQNC,1
13,30,train,task13_000188,Negative_88|0,SDYLQLARG,0
13,30,train,task13_000148,Negative_48|0,GNRPVYIPPPRPPHPRL,0
13,30,train,task13_000012,Positive_12|1,CYIQNCPLG,1
13,30,train,task13_000190,Negative_90|0,SKDYN,0
13,30,train,task13_000032,Positive_32|1,HGEGTFTSDLSKQMEEEAVRLFIEWLKNGGPSSGAPPPS,1
13,30,train,task13_000023,Positive_23|1,FNAPFDVGIKLSGAQYQQHGRAL,1
13,30,train,task13_000171,Negative_71|0,MAIVGTIIKIIKAIIDIFAK,0
13,30,train,task13_000111,Negative_11|0,AVWKDFLKNIGKAAGKAVLNSVTDMVNE,0
13,30,train,task13_000053,Positive_53|1,MEHFPGP,1
13,30,train,task13_000082,Positive_82|1,VILSLDVPIGLLRILLEQARYKAARNQAATNAQILAHV,1
13,30,train,task13_000060,Positive_60|1,RGGRLSYSRRRFSTSTGR,1
13,30,train,task13_000117,Negative_17|0,EVEMLGDELRTLNQNLGLMR,0
13,30,train,task13_000052,Positive_52|1,MEHFKF,1
13,30,train,task13_000092,Positive_92|1,YGGFM,1
13,30,train,task13_000020,Positive_20|1,FCYWRTT,1
13,30,train,task13_000166,Negative_66|0,ITKDFDALMKYIKRI,0
13,30,train,task13_000096,Positive_96|1,YRFSAR,1
13,30,train,task13_000084,Positive_84|1,VQQLTKRFSL,1
13,30,train,task13_000109,Negative_9|0,ASLFNAPRV,0
13,30,train,task13_000167,Negative_67|0,IVPFLLGMVPKLICLITKKC,0
13,30,train,task13_000010,Positive_10|1,CTSTSAPYC,1
13,30,train,task13_000099,Positive_99|1,YTIWMPENPRPGTPCDIFTNSRGKRASNG,1
13,30,train,task13_000149,Negative_49|0,GPIPWQRRI,0
13,30,train,task13_000114,Negative_14|0,DGGRNFLRF,0
13,30,train,task13_000200,Negative_100|0,YPSKPEAPGEDASPEELNRYYASLRHYLNLVTRQRY,0
13,30,train,task13_000192,Negative_92|0,SPPEAAYGPGNTNSDSGDK,0
13,30,train,task13_000185,Negative_85|0,RDWERREFERRQNELRREQEQRREELL,0
13,30,train,task13_000131,Negative_31|0,GILDSFKQFAKGVGKDLIKGAAQGVLSTMSCKLAKTC,0
13,30,train,task13_000120,Negative_20|0,FLIGMTQGLICLITRKC,0
13,30,train,task13_000059,Positive_59|1,QSHYRHISPAQV,1
13,30,train,task13_000079,Positive_79|1,THRPPMWSPVWP,1
13,30,train,task13_000074,Positive_74|1,SYPGWSW,1
13,30,train,task13_000141,Negative_41|0,GLLQTIKEKLKEFAGGVVTGVQS,0
13,30,train,task13_000050,Positive_50|1,LPFFD,1
13,30,train,task13_000191,Negative_91|0,SPHYNFGL,0
13,30,train,task13_000175,Negative_75|0,MTQIKVPTALIASVHGEGQHLFEPMAARCTCTTIISSSSTF,0
13,30,train,task13_000073,Positive_73|1,STNQSTNQST,1
13,30,train,task13_000161,Negative_61|0,GWTLNSAGYLLGPHAVDNHRSLNDKHGLA,0
13,30,train,task13_000093,Positive_93|1,YGRKKRRQRRR,1
13,30,train,task13_000170,Negative_70|0,LTNKTARFLVNGTSIPEVDFDVGE,0
13,30,train,task13_000181,Negative_81|0,PRRRRQASRPVRRRRRYRRSTAARRRRRVVRRRR,0
13,30,train,task13_000001,Positive_1|1,AGCKNFFWKTFTSC,1
13,30,train,task13_000057,Positive_57|1,NTGSPYE,1
13,30,train,task13_000104,Negative_4|0,ALWKTMLKKLGTMALHAGKAAFGAAADTISQ,0
13,30,train,task13_000069,Positive_69|1,SGTQEEY,1
13,30,train,task13_000051,Positive_51|1,LRKLRKRLLR,1
13,30,train,task13_000146,Negative_46|0,GLWSKIKETGKEAAKAAGKAALNKIAEAV,0
13,30,train,task13_000071,Positive_71|1,SLSHSPQ,1
13,30,train,task13_000126,Negative_26|0,GGETGNDAKAMWFGPRL,0
13,30,train,task13_000005,Positive_5|1,CGFLGGRRRGFGGIGGC,1
13,30,train,task13_000164,Negative_64|0,IIEKLVNTALGLLSGL,0
13,30,train,task13_000043,Positive_43|1,KKRTLRKNDRKKRC,1
13,30,train,task13_000016,Positive_16|1,DHYNCVSSGGQCLYSACPIFTKIQGTCYRGKAKCCK,1
13,30,train,task13_000189,Negative_89|0,SGLQLLDLSNNREVEML,0
13,30,train,task13_000003,Positive_3|1,AGYLLGKINLKALAALAKKIL,1
13,30,train,task13_000042,Positive_42|1,KKALLALALHHLAHLALALKKAC,1
13,30,train,task13_000068,Positive_68|1,SGSWLRDVWDWICTVLTDFKTWLQSKL,1
13,30,train,task13_000038,Positive_38|1,HSDGTFTSEYSRLRDSARLQRLLQGLV,1
13,30,train,task13_000153,Negative_53|0,GRKSDCFRKSGFCAFLKCPSLTLISGKCSRFYLCCKRIR,0
13,30,train,task13_000178,Negative_78|0,NSCDCDIEWSSCSAYGFDHDEDYGFNEDTDRIIINTKAILLPTK,0
13,30,train,task13_000129,Negative_29|0,GIGKFLHSAGKFGKAFLGEVMKS,0
13,30,train,task13_000040,Positive_40|1,KCNTATCATQRLANFLVRSSNNLGPVLPPTNVGSNTY,1
13,30,train,task13_000108,Negative_8|0,ARCENFADSYRQPPISSSQT,0
13,30,train,task13_000061,Positive_61|1,RKHRKHRKHR,1
13,30,train,task13_000128,Negative_28|0,GIFSLVKGVAKLAGKTLAKEGGKFGLELAMCKIAKQC,0
13,30,train,task13_000083,Positive_83|1,VPDPR,1
13,30,train,task13_000172,Negative_72|0,MEFVAKLFKFFKDLLGKFLGNN,0
13,30,train,task13_000101,Negative_1|0,ADYLQLARA,0
13,30,train,task13_000150,Negative_50|0,GPSSGFFGTR,0
13,30,train,task13_000140,Negative_40|0,GLLDVVKGAAKNLLASALDKLKCKVTGC,0
13,30,train,task13_000049,Positive_49|1,LLVVYPWT,1
13,30,train,task13_000124,Negative_24|0,GAVSGLLTNLGL,0
13,30,train,task13_000039,Positive_39|1,IKPEAPGEDASPEELNRYYASLRHYLNLVTRQRY,1
13,30,train,task13_000156,Negative_56|0,GSTGLIPFGRT,0
13,30,train,task13_000147,Negative_47|0,GNLWATGHFM,0
13,30,train,task13_000095,Positive_95|1,YQQILTSMPSRNVIQISNDLENLRDLLHVL,1
13,30,train,task13_000056,Positive_56|1,NSDSECPLSHDGYCLHDGVCMYIEALDKYACNCVVGYIGERCQYRDLKWWELR,1
13,30,train,task13_000142,Negative_42|0,GLLSGLGL,0
13,30,train,task13_000062,Positive_62|1,RKRIRLVTKKKRRKRIRLVTKKKR,1
13,30,train,task13_000028,Positive_28|1,GLWEDLLYNINRYAHYIT,1
13,30,train,task13_000162,Negative_62|0,IEFFT,0
13,30,train,task13_000137,Negative_37|0,GLFKTLIKGAGKMLGHVAKEFLGSEGEPES,0
13,30,train,task13_000194,Negative_94|0,SPTISITAPIDVLRKTWEQERARKQMVKNREFLNSLN,0
13,30,train,task13_000037,Positive_37|1,HSDGIFTDSYSRYRKQMAVKKYLAAVLGKRYKQRVKNK,1
13,30,train,task13_000193,Negative_93|0,SPSLDDERNDNFVRL,0
13,30,train,task13_000118,Negative_18|0,EWEPVQNGGSSYYMVPRIWA,0
13,30,train,task13_000106,Negative_6|0,APQEPVYPGDDATPEQMAKYAAELRRYINRLTRPRY,0
13,30,train,task13_000024,Positive_24|1,FNAPFDVGIKLSGVQYQQHSQAL,1
13,30,train,task13_000088,Positive_88|1,YAGFLR,1
13,30,train,task13_000022,Positive_22|1,FKESWREARGTRIERG,1
13,30,train,task13_000143,Negative_43|0,GLMSSIGKALGGLIVDVLKPKTPAS,0
13,30,train,task13_000113,Negative_13|0,DFDMLRCMLGRVFRPCWQY,0
13,30,train,task13_000089,Positive_89|1,YGGFL,1
13,30,train,task13_000115,Negative_15|0,DRVYIHPF,0
13,30,train,task13_000196,Negative_96|0,TPVVNPPFLQQT,0
13,30,train,task13_000199,Negative_99|0,YPSKPDNPGEDAPAEDLARYYSALRHYINLITRQRY,0
13,30,train,task13_000033,Positive_33|1,HGLASTLTRWAHYNALIRA,1
13,30,train,task13_000123,Negative_23|0,FVPYNPPRPGQSKPFPSFPGHGPFNPKIQWPYPLPNPGH,0
13,30,train,task13_000067,Positive_67|1,SEEPPISLDLTFHLLREVLEMARAEQLAQQAHSNRKLMEII,1
13,30,train,task13_000125,Negative_25|0,GFRDGSADRISHGF,0
13,30,train,task13_000122,Negative_22|0,FVPLLVSKLVCVVTKKC,0
13,30,train,task13_000027,Positive_27|1,GLGGIPPPGQSGLAVASALVDISQQMPIVYKEKSGAVRNRKQQPPAQPGTCI,1
13,30,train,task13_000006,Positive_6|1,CKFFD,1
13,30,train,task13_000173,Negative_73|0,MRVKLFQLRGMLSGSRIL,0
13,30,train,task13_000087,Positive_87|1,YAGFG,1
13,30,train,task13_000184,Negative_84|0,QTPQWATGHFM,0
13,30,train,task13_000086,Positive_86|1,VVYPWTQRF,1
13,30,train,task13_000116,Negative_16|0,EELRPEVLPDVSE,0
13,30,train,task13_000132,Negative_32|0,GILDSLKNLAKNAAQILLNKASCKLSGQC,0
13,30,train,task13_000085,Positive_85|1,VVYPWT,1
13,30,train,task13_000121,Negative_21|0,FLPILINLIHKGLL,0
13,30,train,task13_000048,Positive_48|1,LLIILRRRIRKQAHAHSK,1
13,30,train,task13_000135,Negative_35|0,GLADFLNKAVGKVVDFVKS,0
13,30,train,task13_000046,Positive_46|1,KWKTPKVRV,1
13,30,train,task13_000078,Positive_78|1,TGNYKALHPHNG,1
13,30,train,task13_000179,Negative_79|0,PAASESGFRRDP,0
13,30,train,task13_000105,Negative_5|0,APASGFFGMR,0
13,30,train,task13_000197,Negative_97|0,VLDIYEQKLGQTRVLDIYEQK,0
13,30,train,task13_000031,Positive_31|1,HAIYPRH,1
13,30,train,task13_000081,Positive_81|1,VGFFT,1
13,30,train,task13_000183,Negative_83|0,QGPPISIDLSLELLRKMIEIEKQEKEKQQAANNRLLLDTI,0
13,30,train,task13_000036,Positive_36|1,HSDAVFTDNYTRLRKQMAVKKYLNSILN,1
13,30,train,task13_000187,Negative_87|0,SCNLSTCATHNLVNELNKFDKSKPSSGGVGPESF,0
13,30,train,task13_000130,Negative_30|0,GIGSAILSAGKSALKGLAKGLAEHFAN,0
13,30,train,task13_000065,Positive_65|1,RPRTRLHTHRNRRPRTRLHTHRNR,1
13,30,train,task13_000198,Negative_98|0,WAGGDASGE,0
13,30,train,task13_000159,Negative_59|0,GVGYKVVVTTTAAADDDDVV,0
13,30,train,task13_000034,Positive_34|1,HLNILSTLWKYRC,1
13,30,train,task13_000080,Positive_80|1,TWPKHFDKHTFYSILKLGKH,1
13,30,train,task13_000127,Negative_27|0,GGKCTVDWGGQGGGRRLPSPLFCCYKPTRICYLNQETCETETCP,0
13,30,val,task13_000158,Negative_58|0,GTSGLISFPRT,0
13,30,val,task13_000029,Positive_29|1,GYRPVHNIRGHWAPG,1
13,30,val,task13_000144,Negative_44|0,GLPTCGETCFGGTCNTPGCSCSSWPICTRD,0
13,30,val,task13_000176,Negative_76|0,NIPQLTPTP,0
13,30,val,task13_000025,Positive_25|1,GIGDPVTCLKSGAICHPVFCPRRYKQIGTCGLPGTKCCKKP,1
13,30,val,task13_000169,Negative_69|0,LLGMIPVAITAISALSKL,0
13,30,val,task13_000110,Negative_10|0,AVNIPFKVKFRCKAAFC,0
13,30,val,task13_000072,Positive_72|1,SSRRCVRLHESCLGQQVPCCDPCATCYCRFFNAFCYCRKLGTAMNPCSRT,1
13,30,val,task13_000145,Negative_45|0,GLPVCGETCFGGTCNTPGCSCTDPICTRD,0
13,30,val,task13_000064,Positive_64|1,RPKPQQFFGLM,1
13,30,val,task13_000182,Negative_82|0,QESGEVIIEIPR,0
13,30,val,task13_000177,Negative_77|0,NPASGFFGMR,0
13,30,val,task13_000018,Positive_18|1,DYMGWMDF,1
13,30,val,task13_000138,Negative_38|0,GLFSKPAGKGIKNLIPKGVKHIGKEVGKDVIRTGIDVAGCKIKGEC,0
13,30,val,task13_000090,Positive_90|1,YGGFLRRIRPKLK,1
13,30,val,task13_000195,Negative_95|0,TNRNFLRF,0
13,30,val,task13_000103,Negative_3|0,ALSILKGLEKLAKMGIALTNCKATKKC,0
13,30,val,task13_000136,Negative_36|0,GLFDAIGNLLGGLGL,0
13,30,val,task13_000154,Negative_54|0,GSGFSSWG,0
13,30,val,task13_000041,Positive_41|1,KIPYIL,1
13,30,test,task13_000019,Positive_19|1,FCFWKTCT,1
13,30,test,task13_000007,Positive_7|1,CKGKGAKCSRLMYDCCTGSCRSGKC,1
13,30,test,task13_000063,Positive_63|1,RPGPPGLQGRLQRLLQANGNHAAGILTM,1
13,30,test,task13_000134,Negative_34|0,GIVDFAKKVVGGIRNALGI,0
13,30,test,task13_000002,Positive_2|1,AGILKRW,1
13,30,test,task13_000119,Negative_19|0,FFPAIFRLVAKVVPSIICSVTKKC,0
13,30,test,task13_000021,Positive_21|1,FILMVWAPFI,1
13,30,test,task13_000035,Positive_35|1,HSDATFTAEYSKLLAKLALQKYLESILGSSTSPRPPSS,1
13,30,test,task13_000165,Negative_65|0,IIGHLIKTALGFLGL,0
13,30,test,task13_000097,Positive_97|1,YRQSMNQGSRSTGCRFGTCTMQKLAHQIYQFTDKDKDGMAPRNKISPQGY,1
13,30,test,task13_000102,Negative_2|0,AGCKNFFWKTFTSC,0
13,30,test,task13_000013,Positive_13|1,DAEFRHDSGYEVHHQKLVFFAEDVGSNKGAIIGLMVGGVV,1
13,30,test,task13_000066,Positive_66|1,RQIKIWFQNRRMKWKK,1
13,30,test,task13_000054,Positive_54|1,MEHFRW,1
13,30,test,task13_000168,Negative_68|0,LAAGKVEDSD,0
13,30,test,task13_000160,Negative_60|0,GVIDAAKKVVNVLKNLF,0
13,30,test,task13_000008,Positive_8|1,CRTIGPSVC,1
13,30,test,task13_000157,Negative_57|0,GSVFNCGETCVLGTCYTPGCTCNTYRVCTKD,0
13,30,test,task13_000075,Positive_75|1,SYSMEHFRWGKPVGKKRRPVKVYPNGAEDESAEAFPLEF,1
13,30,test,task13_000139,Negative_39|0,GLGPRPLRF,0
13,40,train,task13_000048,Positive_48|1,LLIILRRRIRKQAHAHSK,1
13,40,train,task13_000027,Positive_27|1,GLGGIPPPGQSGLAVASALVDISQQMPIVYKEKSGAVRNRKQQPPAQPGTCI,1
13,40,train,task13_000157,Negative_57|0,GSVFNCGETCVLGTCYTPGCTCNTYRVCTKD,0
13,40,train,task13_000137,Negative_37|0,GLFKTLIKGAGKMLGHVAKEFLGSEGEPES,0
13,40,train,task13_000188,Negative_88|0,SDYLQLARG,0
13,40,train,task13_000154,Negative_54|0,GSGFSSWG,0
13,40,train,task13_000187,Negative_87|0,SCNLSTCATHNLVNELNKFDKSKPSSGGVGPESF,0
13,40,train,task13_000106,Negative_6|0,APQEPVYPGDDATPEQMAKYAAELRRYINRLTRPRY,0
13,40,train,task13_000007,Positive_7|1,CKGKGAKCSRLMYDCCTGSCRSGKC,1
13,40,train,task13_000123,Negative_23|0,FVPYNPPRPGQSKPFPSFPGHGPFNPKIQWPYPLPNPGH,0
13,40,train,task13_000114,Negative_14|0,DGGRNFLRF,0
13,40,train,task13_000189,Negative_89|0,SGLQLLDLSNNREVEML,0
13,40,train,task13_000079,Positive_79|1,THRPPMWSPVWP,1
13,40,train,task13_000098,Positive_98|1,YTGFLS,1
13,40,train,task13_000131,Negative_31|0,GILDSFKQFAKGVGKDLIKGAAQGVLSTMSCKLAKTC,0
13,40,train,task13_000197,Negative_97|0,VLDIYEQKLGQTRVLDIYEQK,0
13,40,train,task13_000180,Negative_80|0,PQRGEGGRAGNLLREEQEI,0
13,40,train,task13_000015,Positive_15|1,DFDMLRCMLGRVYRPCWQV,1
13,40,train,task13_000150,Negative_50|0,GPSSGFFGTR,0
13,40,train,task13_000074,Positive_74|1,SYPGWSW,1
13,40,train,task13_000089,Positive_89|1,YGGFL,1
13,40,train,task13_000001,Positive_1|1,AGCKNFFWKTFTSC,1
13,40,train,task13_000130,Negative_30|0,GIGSAILSAGKSALKGLAKGLAEHFAN,0
13,40,train,task13_000143,Negative_43|0,GLMSSIGKALGGLIVDVLKPKTPAS,0
13,40,train,task13_000147,Negative_47|0,GNLWATGHFM,0
13,40,train,task13_000182,Negative_82|0,QESGEVIIEIPR,0
13,40,train,task13_000091,Positive_91|1,YGGFLRRL,1
13,40,train,task13_000183,Negative_83|0,QGPPISIDLSLELLRKMIEIEKQEKEKQQAANNRLLLDTI,0
13,40,train,task13_000110,Negative_10|0,AVNIPFKVKFRCKAAFC,0
13,40,train,task13_000069,Positive_69|1,SGTQEEY,1
13,40,train,task13_000174,Negative_74|0,MSDKPDMAEIEKFDKSKLKKTETQEKNPLPSKETIEQEKQAGES,0
13,40,train,task13_000167,Negative_67|0,IVPFLLGMVPKLICLITKKC,0
13,40,train,task13_000166,Negative_66|0,ITKDFDALMKYIKRI,0
13,40,train,task13_000128,Negative_28|0,GIFSLVKGVAKLAGKTLAKEGGKFGLELAMCKIAKQC,0
13,40,train,task13_000045,Positive_45|1,KSKAINVLRGFRKEIGRMLNILN,1
13,40,train,task13_000196,Negative_96|0,TPVVNPPFLQQT,0
13,40,train,task13_000100,Positive_100|1,YWAGGDASGE,1
13,40,train,task13_000011,Positive_11|1,CYFQNC,1
13,40,train,task13_000050,Positive_50|1,LPFFD,1
13,40,train,task13_000199,Negative_99|0,YPSKPDNPGEDAPAEDLARYYSALRHYINLITRQRY,0
13,40,train,task13_000043,Positive_43|1,KKRTLRKNDRKKRC,1
13,40,train,task13_000020,Positive_20|1,FCYWRTT,1
13,40,train,task13_000163,Negative_63|0,IEHNAEEIRKTAIRTAVQNTAQQTK,0
13,40,train,task13_000088,Positive_88|1,YAGFLR,1
13,40,train,task13_000036,Positive_36|1,HSDAVFTDNYTRLRKQMAVKKYLNSILN,1
13,40,train,task13_000170,Negative_70|0,LTNKTARFLVNGTSIPEVDFDVGE,0
13,40,train,task13_000109,Negative_9|0,ASLFNAPRV,0
13,40,train,task13_000070,Positive_70|1,SGVYKVAYDWQH,1
13,40,train,task13_000092,Positive_92|1,YGGFM,1
13,40,train,task13_000141,Negative_41|0,GLLQTIKEKLKEFAGGVVTGVQS,0
13,40,train,task13_000072,Positive_72|1,SSRRCVRLHESCLGQQVPCCDPCATCYCRFFNAFCYCRKLGTAMNPCSRT,1
13,40,train,task13_000019,Positive_19|1,FCFWKTCT,1
13,40,train,task13_000107,Negative_7|0,APSEPHHPGDQATPDQLAQYYSDLYQYITFITRPRF,0
13,40,train,task13_000037,Positive_37|1,HSDGIFTDSYSRYRKQMAVKKYLAAVLGKRYKQRVKNK,1
13,40,train,task13_000116,Negative_16|0,EELRPEVLPDVSE,0
13,40,train,task13_000192,Negative_92|0,SPPEAAYGPGNTNSDSGDK,0
13,40,train,task13_000122,Negative_22|0,FVPLLVSKLVCVVTKKC,0
13,40,train,task13_000184,Negative_84|0,QTPQWATGHFM,0
13,40,train,task13_000002,Positive_2|1,AGILKRW,1
13,40,train,task13_000035,Positive_35|1,HSDATFTAEYSKLLAKLALQKYLESILGSSTSPRPPSS,1
13,40,train,task13_000060,Positive_60|1,RGGRLSYSRRRFSTSTGR,1
13,40,train,task13_000177,Negative_77|0,NPASGFFGMR,0
13,40,train,task13_000176,Negative_76|0,NIPQLTPTP,0
13,40,train,task13_000082,Positive_82|1,VILSLDVPIGLLRILLEQARYKAARNQAATNAQILAHV,1
13,40,train,task13_000198,Negative_98|0,WAGGDASGE,0
13,40,train,task13_000152,Negative_52|0,GRGGPSNYVRL,0
13,40,train,task13_000158,Negative_58|0,GTSGLISFPRT,0
13,40,train,task13_000068,Positive_68|1,SGSWLRDVWDWICTVLTDFKTWLQSKL,1
13,40,train,task13_000160,Negative_60|0,GVIDAAKKVVNVLKNLF,0
13,40,train,task13_000055,Positive_55|1,NAPVSIPQ,1
13,40,train,task13_000051,Positive_51|1,LRKLRKRLLR,1
13,40,train,task13_000047,Positive_47|1,LDHFRWK,1
13,40,train,task13_000129,Negative_29|0,GIGKFLHSAGKFGKAFLGEVMKS,0
13,40,train,task13_000004,Positive_4|1,APLEPEYPGDNATPEQMAQYAAELRRYINMLTRPRY,1
13,40,train,task13_000083,Positive_83|1,VPDPR,1
13,40,train,task13_000077,Positive_77|1,TFFYGGSRGKRNNFRTEEY,1
13,40,train,task13_000097,Positive_97|1,YRQSMNQGSRSTGCRFGTCTMQKLAHQIYQFTDKDKDGMAPRNKISPQGY,1
13,40,train,task13_000006,Positive_6|1,CKFFD,1
13,40,train,task13_000181,Negative_81|0,PRRRRQASRPVRRRRRYRRSTAARRRRRVVRRRR,0
13,40,train,task13_000005,Positive_5|1,CGFLGGRRRGFGGIGGC,1
13,40,train,task13_000096,Positive_96|1,YRFSAR,1
13,40,train,task13_000066,Positive_66|1,RQIKIWFQNRRMKWKK,1
13,40,train,task13_000172,Negative_72|0,MEFVAKLFKFFKDLLGKFLGNN,0
13,40,train,task13_000125,Negative_25|0,GFRDGSADRISHGF,0
13,40,train,task13_000061,Positive_61|1,RKHRKHRKHR,1
13,40,train,task13_000056,Positive_56|1,NSDSECPLSHDGYCLHDGVCMYIEALDKYACNCVVGYIGERCQYRDLKWWELR,1
13,40,train,task13_000087,Positive_87|1,YAGFG,1
13,40,train,task13_000115,Negative_15|0,DRVYIHPF,0
13,40,train,task13_000028,Positive_28|1,GLWEDLLYNINRYAHYIT,1
13,40,train,task13_000144,Negative_44|0,GLPTCGETCFGGTCNTPGCSCSSWPICTRD,0
13,40,train,task13_000173,Negative_73|0,MRVKLFQLRGMLSGSRIL,0
13,40,train,task13_000095,Positive_95|1,YQQILTSMPSRNVIQISNDLENLRDLLHVL,1
13,40,train,task13_000127,Negative_27|0,GGKCTVDWGGQGGGRRLPSPLFCCYKPTRICYLNQETCETETCP,0
13,40,train,task13_000112,Negative_12|0,CYFQNCPRG,0
13,40,train,task13_000186,Negative_86|0,RICTAIPLPMCL,0
13,40,train,task13_000032,Positive_32|1,HGEGTFTSDLSKQMEEEAVRLFIEWLKNGGPSSGAPPPS,1
13,40,train,task13_000104,Negative_4|0,ALWKTMLKKLGTMALHAGKAAFGAAADTISQ,0
13,40,train,task13_000148,Negative_48|0,GNRPVYIPPPRPPHPRL,0
13,40,train,task13_000145,Negative_45|0,GLPVCGETCFGGTCNTPGCSCTDPICTRD,0
13,40,train,task13_000012,Positive_12|1,CYIQNCPLG,1
13,40,train,task13_000193,Negative_93|0,SPSLDDERNDNFVRL,0
13,40,train,task13_000190,Negative_90|0,SKDYN,0
13,40,train,task13_000162,Negative_62|0,IEFFT,0
13,40,train,task13_000021,Positive_21|1,FILMVWAPFI,1
13,40,train,task13_000022,Positive_22|1,FKESWREARGTRIERG,1
13,40,train,task13_000179,Negative_79|0,PAASESGFRRDP,0
13,40,train,task13_000124,Negative_24|0,GAVSGLLTNLGL,0
13,40,train,task13_000103,Negative_3|0,ALSILKGLEKLAKMGIALTNCKATKKC,0
13,40,train,task13_000101,Negative_1|0,ADYLQLARA,0
13,40,train,task13_000057,Positive_57|1,NTGSPYE,1
13,40,train,task13_000142,Negative_42|0,GLLSGLGL,0
13,40,train,task13_000031,Positive_31|1,HAIYPRH,1
13,40,train,task13_000067,Positive_67|1,SEEPPISLDLTFHLLREVLEMARAEQLAQQAHSNRKLMEII,1
13,40,train,task13_000140,Negative_40|0,GLLDVVKGAAKNLLASALDKLKCKVTGC,0
13,40,train,task13_000139,Negative_39|0,GLGPRPLRF,0
13,40,train,task13_000146,Negative_46|0,GLWSKIKETGKEAAKAAGKAALNKIAEAV,0
13,40,train,task13_000076,Positive_76|1,TFFYGGCRGKRNNFKTEEY,1
13,40,train,task13_000168,Negative_68|0,LAAGKVEDSD,0
13,40,train,task13_000153,Negative_53|0,GRKSDCFRKSGFCAFLKCPSLTLISGKCSRFYLCCKRIR,0
13,40,train,task13_000094,Positive_94|1,YPFPG,1
13,40,train,task13_000108,Negative_8|0,ARCENFADSYRQPPISSSQT,0
13,40,train,task13_000178,Negative_78|0,NSCDCDIEWSSCSAYGFDHDEDYGFNEDTDRIIINTKAILLPTK,0
13,40,train,task13_000058,Positive_58|1,QRFSR,1
13,40,train,task13_000093,Positive_93|1,YGRKKRRQRRR,1
13,40,train,task13_000185,Negative_85|0,RDWERREFERRQNELRREQEQRREELL,0
13,40,train,task13_000102,Negative_2|0,AGCKNFFWKTFTSC,0
13,40,train,task13_000024,Positive_24|1,FNAPFDVGIKLSGVQYQQHSQAL,1
13,40,train,task13_000099,Positive_99|1,YTIWMPENPRPGTPCDIFTNSRGKRASNG,1
13,40,train,task13_000039,Positive_39|1,IKPEAPGEDASPEELNRYYASLRHYLNLVTRQRY,1
13,40,train,task13_000010,Positive_10|1,CTSTSAPYC,1
13,40,train,task13_000018,Positive_18|1,DYMGWMDF,1
13,40,train,task13_000064,Positive_64|1,RPKPQQFFGLM,1
13,40,train,task13_000195,Negative_95|0,TNRNFLRF,0
13,40,train,task13_000138,Negative_38|0,GLFSKPAGKGIKNLIPKGVKHIGKEVGKDVIRTGIDVAGCKIKGEC,0
13,40,train,task13_000085,Positive_85|1,VVYPWT,1
13,40,train,task13_000121,Negative_21|0,FLPILINLIHKGLL,0
13,40,train,task13_000026,Positive_26|1,GLAHSFSDFARDFVA,1
13,40,train,task13_000117,Negative_17|0,EVEMLGDELRTLNQNLGLMR,0
13,40,train,task13_000156,Negative_56|0,GSTGLIPFGRT,0
13,40,train,task13_000062,Positive_62|1,RKRIRLVTKKKRRKRIRLVTKKKR,1
13,40,train,task13_000049,Positive_49|1,LLVVYPWT,1
13,40,train,task13_000029,Positive_29|1,GYRPVHNIRGHWAPG,1
13,40,train,task13_000078,Positive_78|1,TGNYKALHPHNG,1
13,40,train,task13_000120,Negative_20|0,FLIGMTQGLICLITRKC,0
13,40,train,task13_000023,Positive_23|1,FNAPFDVGIKLSGAQYQQHGRAL,1
13,40,train,task13_000003,Positive_3|1,AGYLLGKINLKALAALAKKIL,1
13,40,train,task13_000191,Negative_91|0,SPHYNFGL,0
13,40,train,task13_000044,Positive_44|1,KLFMALVAFLRFLT,1
13,40,train,task13_000017,Positive_17|1,DRVYIHPFHL,1
13,40,train,task13_000133,Negative_33|0,GILSSIKGVAKGVAKNVAAQLLDTLKCKITGC,0
13,40,train,task13_000111,Negative_11|0,AVWKDFLKNIGKAAGKAVLNSVTDMVNE,0
13,40,train,task13_000126,Negative_26|0,GGETGNDAKAMWFGPRL,0
13,40,train,task13_000054,Positive_54|1,MEHFRW,1
13,40,train,task13_000151,Negative_51|0,GPVGLLSSPGSLPPVGGAP,0
13,40,train,task13_000041,Positive_41|1,KIPYIL,1
13,40,train,task13_000119,Negative_19|0,FFPAIFRLVAKVVPSIICSVTKKC,0
13,40,train,task13_000075,Positive_75|1,SYSMEHFRWGKPVGKKRRPVKVYPNGAEDESAEAFPLEF,1
13,40,train,task13_000161,Negative_61|0,GWTLNSAGYLLGPHAVDNHRSLNDKHGLA,0
13,40,train,task13_000169,Negative_69|0,LLGMIPVAITAISALSKL,0
13,40,train,task13_000042,Positive_42|1,KKALLALALHHLAHLALALKKAC,1
13,40,val,task13_000080,Positive_80|1,TWPKHFDKHTFYSILKLGKH,1
13,40,val,task13_000040,Positive_40|1,KCNTATCATQRLANFLVRSSNNLGPVLPPTNVGSNTY,1
13,40,val,task13_000059,Positive_59|1,QSHYRHISPAQV,1
13,40,val,task13_000086,Positive_86|1,VVYPWTQRF,1
13,40,val,task13_000175,Negative_75|0,MTQIKVPTALIASVHGEGQHLFEPMAARCTCTTIISSSSTF,0
13,40,val,task13_000013,Positive_13|1,DAEFRHDSGYEVHHQKLVFFAEDVGSNKGAIIGLMVGGVV,1
13,40,val,task13_000105,Negative_5|0,APASGFFGMR,0
13,40,val,task13_000025,Positive_25|1,GIGDPVTCLKSGAICHPVFCPRRYKQIGTCGLPGTKCCKKP,1
13,40,val,task13_000134,Negative_34|0,GIVDFAKKVVGGIRNALGI,0
13,40,val,task13_000132,Negative_32|0,GILDSLKNLAKNAAQILLNKASCKLSGQC,0
13,40,val,task13_000038,Positive_38|1,HSDGTFTSEYSRLRDSARLQRLLQGLV,1
13,40,val,task13_000084,Positive_84|1,VQQLTKRFSL,1
13,40,val,task13_000065,Positive_65|1,RPRTRLHTHRNRRPRTRLHTHRNR,1
13,40,val,task13_000030,Positive_30|1,HADGTYTSDVSTYLQDQAAKDFVSWLKSGRA,1
13,40,val,task13_000081,Positive_81|1,VGFFT,1
13,40,val,task13_000155,Negative_55|0,GSPGLIPFGRS,0
13,40,val,task13_000046,Positive_46|1,KWKTPKVRV,1
13,40,val,task13_000014,Positive_14|1,DDPPLSIDLTFHLLRTLLELARTQSQRERAEQNRIIFDSV,1
13,40,val,task13_000200,Negative_100|0,YPSKPEAPGEDASPEELNRYYASLRHYLNLVTRQRY,0
13,40,val,task13_000159,Negative_59|0,GVGYKVVVTTTAAADDDDVV,0
13,40,test,task13_000052,Positive_52|1,MEHFKF,1
13,40,test,task13_000165,Negative_65|0,IIGHLIKTALGFLGL,0
13,40,test,task13_000016,Positive_16|1,DHYNCVSSGGQCLYSACPIFTKIQGTCYRGKAKCCK,1
13,40,test,task13_000034,Positive_34|1,HLNILSTLWKYRC,1
13,40,test,task13_000136,Negative_36|0,GLFDAIGNLLGGLGL,0
13,40,test,task13_000008,Positive_8|1,CRTIGPSVC,1
13,40,test,task13_000113,Negative_13|0,DFDMLRCMLGRVFRPCWQY,0
13,40,test,task13_000071,Positive_71|1,SLSHSPQ,1
13,40,test,task13_000090,Positive_90|1,YGGFLRRIRPKLK,1
13,40,test,task13_000033,Positive_33|1,HGLASTLTRWAHYNALIRA,1
13,40,test,task13_000053,Positive_53|1,MEHFPGP,1
13,40,test,task13_000194,Negative_94|0,SPTISITAPIDVLRKTWEQERARKQMVKNREFLNSLN,0
13,40,test,task13_000164,Negative_64|0,IIEKLVNTALGLLSGL,0
13,40,test,task13_000171,Negative_71|0,MAIVGTIIKIIKAIIDIFAK,0
13,40,test,task13_000073,Positive_73|1,STNQSTNQST,1
13,40,test,task13_000063,Positive_63|1,RPGPPGLQGRLQRLLQANGNHAAGILTM,1
13,40,test,task13_000009,Positive_9|1,CSCSSLMDKECVYFCHLDIIW,1
13,40,test,task13_000135,Negative_35|0,GLADFLNKAVGKVVDFVKS,0
13,40,test,task13_000149,Negative_49|0,GPIPWQRRI,0
13,40,test,task13_000118,Negative_18|0,EWEPVQNGGSSYYMVPRIWA,0
13,50,train,task13_000136,Negative_36|0,GLFDAIGNLLGGLGL,0
13,50,train,task13_000027,Positive_27|1,GLGGIPPPGQSGLAVASALVDISQQMPIVYKEKSGAVRNRKQQPPAQPGTCI,1
13,50,train,task13_000175,Negative_75|0,MTQIKVPTALIASVHGEGQHLFEPMAARCTCTTIISSSSTF,0
13,50,train,task13_000006,Positive_6|1,CKFFD,1
13,50,train,task13_000168,Negative_68|0,LAAGKVEDSD,0
13,50,train,task13_000139,Negative_39|0,GLGPRPLRF,0
13,50,train,task13_000084,Positive_84|1,VQQLTKRFSL,1
13,50,train,task13_000120,Negative_20|0,FLIGMTQGLICLITRKC,0
13,50,train,task13_000043,Positive_43|1,KKRTLRKNDRKKRC,1
13,50,train,task13_000090,Positive_90|1,YGGFLRRIRPKLK,1
13,50,train,task13_000036,Positive_36|1,HSDAVFTDNYTRLRKQMAVKKYLNSILN,1
13,50,train,task13_000029,Positive_29|1,GYRPVHNIRGHWAPG,1
13,50,train,task13_000117,Negative_17|0,EVEMLGDELRTLNQNLGLMR,0
13,50,train,task13_000098,Positive_98|1,YTGFLS,1
13,50,train,task13_000014,Positive_14|1,DDPPLSIDLTFHLLRTLLELARTQSQRERAEQNRIIFDSV,1
13,50,train,task13_000100,Positive_100|1,YWAGGDASGE,1
13,50,train,task13_000037,Positive_37|1,HSDGIFTDSYSRYRKQMAVKKYLAAVLGKRYKQRVKNK,1
13,50,train,task13_000091,Positive_91|1,YGGFLRRL,1
13,50,train,task13_000001,Positive_1|1,AGCKNFFWKTFTSC,1
13,50,train,task13_000055,Positive_55|1,NAPVSIPQ,1
13,50,train,task13_000191,Negative_91|0,SPHYNFGL,0
13,50,train,task13_000030,Positive_30|1,HADGTYTSDVSTYLQDQAAKDFVSWLKSGRA,1
13,50,train,task13_000062,Positive_62|1,RKRIRLVTKKKRRKRIRLVTKKKR,1
13,50,train,task13_000123,Negative_23|0,FVPYNPPRPGQSKPFPSFPGHGPFNPKIQWPYPLPNPGH,0
13,50,train,task13_000071,Positive_71|1,SLSHSPQ,1
13,50,train,task13_000196,Negative_96|0,TPVVNPPFLQQT,0
13,50,train,task13_000101,Negative_1|0,ADYLQLARA,0
13,50,train,task13_000121,Negative_21|0,FLPILINLIHKGLL,0
13,50,train,task13_000125,Negative_25|0,GFRDGSADRISHGF,0
13,50,train,task13_000050,Positive_50|1,LPFFD,1
13,50,train,task13_000162,Negative_62|0,IEFFT,0
13,50,train,task13_000008,Positive_8|1,CRTIGPSVC,1
13,50,train,task13_000127,Negative_27|0,GGKCTVDWGGQGGGRRLPSPLFCCYKPTRICYLNQETCETETCP,0
13,50,train,task13_000141,Negative_41|0,GLLQTIKEKLKEFAGGVVTGVQS,0
13,50,train,task13_000113,Negative_13|0,DFDMLRCMLGRVFRPCWQY,0
13,50,train,task13_000048,Positive_48|1,LLIILRRRIRKQAHAHSK,1
13,50,train,task13_000096,Positive_96|1,YRFSAR,1
13,50,train,task13_000065,Positive_65|1,RPRTRLHTHRNRRPRTRLHTHRNR,1
13,50,train,task13_000072,Positive_72|1,SSRRCVRLHESCLGQQVPCCDPCATCYCRFFNAFCYCRKLGTAMNPCSRT,1
13,50,train,task13_000025,Positive_25|1,GIGDPVTCLKSGAICHPVFCPRRYKQIGTCGLPGTKCCKKP,1
13,50,train,task13_000186,Negative_86|0,RICTAIPLPMCL,0
13,50,train,task13_000173,Negative_73|0,MRVKLFQLRGMLSGSRIL,0
13,50,train,task13_000079,Positive_79|1,THRPPMWSPVWP,1
13,50,train,task13_000124,Negative_24|0,GAVSGLLTNLGL,0
13,50,train,task13_000103,Negative_3|0,ALSILKGLEKLAKMGIALTNCKATKKC,0
13,50,train,task13_000075,Positive_75|1,SYSMEHFRWGKPVGKKRRPVKVYPNGAEDESAEAFPLEF,1
13,50,train,task13_000053,Positive_53|1,MEHFPGP,1
13,50,train,task13_000035,Positive_35|1,HSDATFTAEYSKLLAKLALQKYLESILGSSTSPRPPSS,1
13,50,train,task13_000116,Negative_16|0,EELRPEVLPDVSE,0
13,50,train,task13_000161,Negative_61|0,GWTLNSAGYLLGPHAVDNHRSLNDKHGLA,0
13,50,train,task13_000076,Positive_76|1,TFFYGGCRGKRNNFKTEEY,1
13,50,train,task13_000119,Negative_19|0,FFPAIFRLVAKVVPSIICSVTKKC,0
13,50,train,task13_000010,Positive_10|1,CTSTSAPYC,1
13,50,train,task13_000182,Negative_82|0,QESGEVIIEIPR,0
13,50,train,task13_000105,Negative_5|0,APASGFFGMR,0
13,50,train,task13_000177,Negative_77|0,NPASGFFGMR,0
13,50,train,task13_000020,Positive_20|1,FCYWRTT,1
13,50,train,task13_000066,Positive_66|1,RQIKIWFQNRRMKWKK,1
13,50,train,task13_000129,Negative_29|0,GIGKFLHSAGKFGKAFLGEVMKS,0
13,50,train,task13_000038,Positive_38|1,HSDGTFTSEYSRLRDSARLQRLLQGLV,1
13,50,train,task13_000097,Positive_97|1,YRQSMNQGSRSTGCRFGTCTMQKLAHQIYQFTDKDKDGMAPRNKISPQGY,1
13,50,train,task13_000107,Negative_7|0,APSEPHHPGDQATPDQLAQYYSDLYQYITFITRPRF,0
13,50,train,task13_000130,Negative_30|0,GIGSAILSAGKSALKGLAKGLAEHFAN,0
13,50,train,task13_000172,Negative_72|0,MEFVAKLFKFFKDLLGKFLGNN,0
13,50,train,task13_000198,Negative_98|0,WAGGDASGE,0
13,50,train,task13_000046,Positive_46|1,KWKTPKVRV,1
13,50,train,task13_000197,Negative_97|0,VLDIYEQKLGQTRVLDIYEQK,0
13,50,train,task13_000004,Positive_4|1,APLEPEYPGDNATPEQMAQYAAELRRYINMLTRPRY,1
13,50,train,task13_000019,Positive_19|1,FCFWKTCT,1
13,50,train,task13_000187,Negative_87|0,SCNLSTCATHNLVNELNKFDKSKPSSGGVGPESF,0
13,50,train,task13_000171,Negative_71|0,MAIVGTIIKIIKAIIDIFAK,0
13,50,train,task13_000078,Positive_78|1,TGNYKALHPHNG,1
13,50,train,task13_000109,Negative_9|0,ASLFNAPRV,0
13,50,train,task13_000080,Positive_80|1,TWPKHFDKHTFYSILKLGKH,1
13,50,train,task13_000015,Positive_15|1,DFDMLRCMLGRVYRPCWQV,1
13,50,train,task13_000183,Negative_83|0,QGPPISIDLSLELLRKMIEIEKQEKEKQQAANNRLLLDTI,0
13,50,train,task13_000056,Positive_56|1,NSDSECPLSHDGYCLHDGVCMYIEALDKYACNCVVGYIGERCQYRDLKWWELR,1
13,50,train,task13_000021,Positive_21|1,FILMVWAPFI,1
13,50,train,task13_000135,Negative_35|0,GLADFLNKAVGKVVDFVKS,0
13,50,train,task13_000102,Negative_2|0,AGCKNFFWKTFTSC,0
13,50,train,task13_000064,Positive_64|1,RPKPQQFFGLM,1
13,50,train,task13_000115,Negative_15|0,DRVYIHPF,0
13,50,train,task13_000167,Negative_67|0,IVPFLLGMVPKLICLITKKC,0
13,50,train,task13_000154,Negative_54|0,GSGFSSWG,0
13,50,train,task13_000045,Positive_45|1,KSKAINVLRGFRKEIGRMLNILN,1
13,50,train,task13_000041,Positive_41|1,KIPYIL,1
13,50,train,task13_000185,Negative_85|0,RDWERREFERRQNELRREQEQRREELL,0
13,50,train,task13_000134,Negative_34|0,GIVDFAKKVVGGIRNALGI,0
13,50,train,task13_000073,Positive_73|1,STNQSTNQST,1
13,50,train,task13_000181,Negative_81|0,PRRRRQASRPVRRRRRYRRSTAARRRRRVVRRRR,0
13,50,train,task13_000169,Negative_69|0,LLGMIPVAITAISALSKL,0
13,50,train,task13_000180,Negative_80|0,PQRGEGGRAGNLLREEQEI,0
13,50,train,task13_000009,Positive_9|1,CSCSSLMDKECVYFCHLDIIW,1
13,50,train,task13_000132,Negative_32|0,GILDSLKNLAKNAAQILLNKASCKLSGQC,0
13,50,train,task13_000159,Negative_59|0,GVGYKVVVTTTAAADDDDVV,0
13,50,train,task13_000047,Positive_47|1,LDHFRWK,1
13,50,train,task13_000016,Positive_16|1,DHYNCVSSGGQCLYSACPIFTKIQGTCYRGKAKCCK,1
13,50,train,task13_000160,Negative_60|0,GVIDAAKKVVNVLKNLF,0
13,50,train,task13_000012,Positive_12|1,CYIQNCPLG,1
13,50,train,task13_000061,Positive_61|1,RKHRKHRKHR,1
13,50,train,task13_000051,Positive_51|1,LRKLRKRLLR,1
13,50,train,task13_000099,Positive_99|1,YTIWMPENPRPGTPCDIFTNSRGKRASNG,1
13,50,train,task13_000131,Negative_31|0,GILDSFKQFAKGVGKDLIKGAAQGVLSTMSCKLAKTC,0
13,50,train,task13_000126,Negative_26|0,GGETGNDAKAMWFGPRL,0
13,50,train,task13_000060,Positive_60|1,RGGRLSYSRRRFSTSTGR,1
13,50,train,task13_000153,Negative_53|0,GRKSDCFRKSGFCAFLKCPSLTLISGKCSRFYLCCKRIR,0
13,50,train,task13_000068,Positive_68|1,SGSWLRDVWDWICTVLTDFKTWLQSKL,1
13,50,train,task13_000034,Positive_34|1,HLNILSTLWKYRC,1
13,50,train,task13_000088,Positive_88|1,YAGFLR,1
13,50,train,task13_000148,Negative_48|0,GNRPVYIPPPRPPHPRL,0
13,50,train,task13_000083,Positive_83|1,VPDPR,1
13,50,train,task13_000011,Positive_11|1,CYFQNC,1
13,50,train,task13_000145,Negative_45|0,GLPVCGETCFGGTCNTPGCSCTDPICTRD,0
13,50,train,task13_000007,Positive_7|1,CKGKGAKCSRLMYDCCTGSCRSGKC,1
13,50,train,task13_000067,Positive_67|1,SEEPPISLDLTFHLLREVLEMARAEQLAQQAHSNRKLMEII,1
13,50,train,task13_000081,Positive_81|1,VGFFT,1
13,50,train,task13_000005,Positive_5|1,CGFLGGRRRGFGGIGGC,1
13,50,train,task13_000044,Positive_44|1,KLFMALVAFLRFLT,1
13,50,train,task13_000150,Negative_50|0,GPSSGFFGTR,0
13,50,train,task13_000104,Negative_4|0,ALWKTMLKKLGTMALHAGKAAFGAAADTISQ,0
13,50,train,task13_000179,Negative_79|0,PAASESGFRRDP,0
13,50,train,task13_000142,Negative_42|0,GLLSGLGL,0
13,50,train,task13_000195,Negative_95|0,TNRNFLRF,0
13,50,train,task13_000108,Negative_8|0,ARCENFADSYRQPPISSSQT,0
13,50,train,task13_000013,Positive_13|1,DAEFRHDSGYEVHHQKLVFFAEDVGSNKGAIIGLMVGGVV,1
13,50,train,task13_000074,Positive_74|1,SYPGWSW,1
13,50,train,task13_000093,Positive_93|1,YGRKKRRQRRR,1
13,50,train,task13_000042,Positive_42|1,KKALLALALHHLAHLALALKKAC,1
13,50,train,task13_000189,Negative_89|0,SGLQLLDLSNNREVEML,0
13,50,train,task13_000194,Negative_94|0,SPTISITAPIDVLRKTWEQERARKQMVKNREFLNSLN,0
13,50,train,task13_000151,Negative_51|0,GPVGLLSSPGSLPPVGGAP,0
13,50,train,task13_000003,Positive_3|1,AGYLLGKINLKALAALAKKIL,1
13,50,train,task13_000092,Positive_92|1,YGGFM,1
13,50,train,task13_000166,Negative_66|0,ITKDFDALMKYIKRI,0
13,50,train,task13_000039,Positive_39|1,IKPEAPGEDASPEELNRYYASLRHYLNLVTRQRY,1
13,50,train,task13_000147,Negative_47|0,GNLWATGHFM,0
13,50,train,task13_000095,Positive_95|1,YQQILTSMPSRNVIQISNDLENLRDLLHVL,1
13,50,train,task13_000024,Positive_24|1,FNAPFDVGIKLSGVQYQQHSQAL,1
13,50,train,task13_000077,Positive_77|1,TFFYGGSRGKRNNFRTEEY,1
13,50,train,task13_000144,Negative_44|0,GLPTCGETCFGGTCNTPGCSCSSWPICTRD,0
13,50,train,task13_000146,Negative_46|0,GLWSKIKETGKEAAKAAGKAALNKIAEAV,0
13,50,train,task13_000170,Negative_70|0,LTNKTARFLVNGTSIPEVDFDVGE,0
13,50,train,task13_000152,Negative_52|0,GRGGPSNYVRL,0
13,50,train,task13_000133,Negative_33|0,GILSSIKGVAKGVAKNVAAQLLDTLKCKITGC,0
13,50,train,task13_000188,Negative_88|0,SDYLQLARG,0
13,50,train,task13_000200,Negative_100|0,YPSKPEAPGEDASPEELNRYYASLRHYLNLVTRQRY,0
13,50,train,task13_000140,Negative_40|0,GLLDVVKGAAKNLLASALDKLKCKVTGC,0
13,50,train,task13_000031,Positive_31|1,HAIYPRH,1
13,50,train,task13_000106,Negative_6|0,APQEPVYPGDDATPEQMAKYAAELRRYINRLTRPRY,0
13,50,train,task13_000032,Positive_32|1,HGEGTFTSDLSKQMEEEAVRLFIEWLKNGGPSSGAPPPS,1
13,50,train,task13_000157,Negative_57|0,GSVFNCGETCVLGTCYTPGCTCNTYRVCTKD,0
13,50,train,task13_000137,Negative_37|0,GLFKTLIKGAGKMLGHVAKEFLGSEGEPES,0
13,50,train,task13_000054,Positive_54|1,MEHFRW,1
13,50,train,task13_000158,Negative_58|0,GTSGLISFPRT,0
13,50,train,task13_000033,Positive_33|1,HGLASTLTRWAHYNALIRA,1
13,50,train,task13_000118,Negative_18|0,EWEPVQNGGSSYYMVPRIWA,0
13,50,train,task13_000149,Negative_49|0,GPIPWQRRI,0
13,50,train,task13_000070,Positive_70|1,SGVYKVAYDWQH,1
13,50,train,task13_000114,Negative_14|0,DGGRNFLRF,0
13,50,train,task13_000052,Positive_52|1,MEHFKF,1
13,50,val,task13_000028,Positive_28|1,GLWEDLLYNINRYAHYIT,1
13,50,val,task13_000112,Negative_12|0,CYFQNCPRG,0
13,50,val,task13_000199,Negative_99|0,YPSKPDNPGEDAPAEDLARYYSALRHYINLITRQRY,0
13,50,val,task13_000087,Positive_87|1,YAGFG,1
13,50,val,task13_000059,Positive_59|1,QSHYRHISPAQV,1
13,50,val,task13_000002,Positive_2|1,AGILKRW,1
13,50,val,task13_000111,Negative_11|0,AVWKDFLKNIGKAAGKAVLNSVTDMVNE,0
13,50,val,task13_000165,Negative_65|0,IIGHLIKTALGFLGL,0
13,50,val,task13_000086,Positive_86|1,VVYPWTQRF,1
13,50,val,task13_000176,Negative_76|0,NIPQLTPTP,0
13,50,val,task13_000017,Positive_17|1,DRVYIHPFHL,1
13,50,val,task13_000023,Positive_23|1,FNAPFDVGIKLSGAQYQQHGRAL,1
13,50,val,task13_000163,Negative_63|0,IEHNAEEIRKTAIRTAVQNTAQQTK,0
13,50,val,task13_000110,Negative_10|0,AVNIPFKVKFRCKAAFC,0
13,50,val,task13_000156,Negative_56|0,GSTGLIPFGRT,0
13,50,val,task13_000155,Negative_55|0,GSPGLIPFGRS,0
13,50,val,task13_000193,Negative_93|0,SPSLDDERNDNFVRL,0
13,50,val,task13_000018,Positive_18|1,DYMGWMDF,1
13,50,val,task13_000049,Positive_49|1,LLVVYPWT,1
13,50,val,task13_000057,Positive_57|1,NTGSPYE,1
13,50,test,task13_000190,Negative_90|0,SKDYN,0
13,50,test,task13_000184,Negative_84|0,QTPQWATGHFM,0
13,50,test,task13_000026,Positive_26|1,GLAHSFSDFARDFVA,1
13,50,test,task13_000089,Positive_89|1,YGGFL,1
13,50,test,task13_000040,Positive_40|1,KCNTATCATQRLANFLVRSSNNLGPVLPPTNVGSNTY,1
13,50,test,task13_000192,Negative_92|0,SPPEAAYGPGNTNSDSGDK,0
13,50,test,task13_000143,Negative_43|0,GLMSSIGKALGGLIVDVLKPKTPAS,0
13,50,test,task13_000174,Negative_74|0,MSDKPDMAEIEKFDKSKLKKTETQEKNPLPSKETIEQEKQAGES,0
13,50,test,task13_000058,Positive_58|1,QRFSR,1
13,50,test,task13_000082,Positive_82|1,VILSLDVPIGLLRILLEQARYKAARNQAATNAQILAHV,1
13,50,test,task13_000138,Negative_38|0,GLFSKPAGKGIKNLIPKGVKHIGKEVGKDVIRTGIDVAGCKIKGEC,0
13,50,test,task13_000022,Positive_22|1,FKESWREARGTRIERG,1
13,50,test,task13_000085,Positive_85|1,VVYPWT,1
13,50,test,task13_000122,Negative_22|0,FVPLLVSKLVCVVTKKC,0
13,50,test,task13_000178,Negative_78|0,NSCDCDIEWSSCSAYGFDHDEDYGFNEDTDRIIINTKAILLPTK,0
13,50,test,task13_000063,Positive_63|1,RPGPPGLQGRLQRLLQANGNHAAGILTM,1
13,50,test,task13_000164,Negative_64|0,IIEKLVNTALGLLSGL,0
13,50,test,task13_000094,Positive_94|1,YPFPG,1
13,50,test,task13_000069,Positive_69|1,SGTQEEY,1
13,50,test,task13_000128,Negative_28|0,GIFSLVKGVAKLAGKTLAKEGGKFGLELAMCKIAKQC,0
